--
-- PostgreSQL database dump
--

-- Dumped from database version 9.5.4
-- Dumped by pg_dump version 9.5.4

SET statement_timeout = 0;
SET lock_timeout = 0;
SET client_encoding = 'UTF8';
SET standard_conforming_strings = on;
SET check_function_bodies = false;
SET client_min_messages = warning;
SET row_security = off;

SET search_path = public, pg_catalog;

--
-- Data for Name: categories; Type: TABLE DATA; Schema: public; Owner: rehman
--

COPY categories (id, created_at, updated_at, name) FROM stdin;
1	2016-11-03 17:05:26.143655+05	2016-11-03 17:05:26.143655+05	ALL DAY BREAKFAST & BRUNCH
2	2016-11-03 17:05:26.143655+05	2016-11-03 17:05:26.143655+05	WAFFLES PANCAKES, CREPES & FRUIT
3	2016-11-03 17:05:26.143655+05	2016-11-03 17:05:26.143655+05	ORGANIC FREE-RANGE FOLDED OMELETTES
4	2016-11-03 17:05:26.143655+05	2016-11-03 17:05:26.143655+05	SOUPS & SNACK
5	2016-11-03 17:05:26.143655+05	2016-11-03 17:05:26.143655+05	ARTISAN & ORGANIC SALADS
6	2016-11-03 17:05:26.143655+05	2016-11-03 17:05:26.143655+05	SNACKWICH SANDWICHES ( ON THE GO )
7	2016-11-03 17:05:26.143655+05	2016-11-03 17:05:26.143655+05	FLAME-GRILLED GOURMET BURGER
8	2016-11-03 17:05:26.143655+05	2016-11-03 17:05:26.143655+05	GRILLED PANINI SANDWICHES
9	2016-11-03 17:05:26.143655+05	2016-11-03 17:05:26.143655+05	PULLED SPICY BARBECUED MEAT
10	2016-11-03 17:05:26.143655+05	2016-11-03 17:05:26.143655+05	GRILLED MEZZA LUNA
11	2016-11-03 17:05:26.143655+05	2016-11-03 17:05:26.143655+05	STUFFED SAVOURY CRESPELLE
12	2016-11-03 17:05:26.143655+05	2016-11-03 17:05:26.143655+05	NEW ENTREES
13	2016-11-03 17:05:26.143655+05	2016-11-03 17:05:26.143655+05	PIES & PASTAS LEANER COMFORT FOOD
14	2016-11-03 17:05:26.143655+05	2016-11-03 17:05:26.143655+05	PATISSERIE & DESSERTS
15	2016-11-03 17:05:26.143655+05	2016-11-03 17:05:26.143655+05	BLENDED FRAPPES & THICKSHAKES
16	2016-11-03 17:05:26.143655+05	2016-11-03 17:05:26.143655+05	GRANITA ICE BLEND SMOOTHIES
17	2016-11-03 17:05:26.143655+05	2016-11-03 17:05:26.143655+05	ICED COFFEES ON THE ROCKS
18	2016-11-03 17:05:26.143655+05	2016-11-03 17:05:26.143655+05	CAKESHAKES!
19	2016-11-03 17:05:26.143655+05	2016-11-03 17:05:26.143655+05	COLD LOW-FAT SEMIFREDDO DESSERTS
20	2016-11-03 17:05:26.143655+05	2016-11-03 17:05:26.143655+05	FRESH FRUIT SMOOTHIES & JUICES
21	2016-11-03 17:05:26.143655+05	2016-11-03 17:05:26.143655+05	LEMONADE ICED TEA & SOFT DRINKS
22	2016-11-03 17:05:26.143655+05	2016-11-03 17:05:26.143655+05	ARTISAN TEAS & HOT CHOCOLATE
23	2016-11-03 17:05:26.143655+05	2016-11-03 17:05:26.143655+05	MICRO-ROASTED SINGLE ESTATE COFFEES
24	2016-11-03 17:05:26.143655+05	2016-11-03 17:05:26.143655+05	CLASSIC HOT COFFEE BEVERAGES
25	2016-11-03 17:05:26.143655+05	2016-11-03 17:05:26.143655+05	FLAVOURED HOT SIGNATURE COFFEES
\.


--
-- Name: categories_id_seq; Type: SEQUENCE SET; Schema: public; Owner: rehman
--

SELECT pg_catalog.setval('categories_id_seq', 1, false);


--
-- Data for Name: items; Type: TABLE DATA; Schema: public; Owner: rehman
--

COPY items (id, created_at, updated_at, name, price, unit, category_id) FROM stdin;
1	2016-11-04 14:45:34.410399+05	2016-11-04 14:45:34.410399+05	THE MOCCA BRUNCH	995.00	\N	1
2	2016-11-04 14:45:34.410399+05	2016-11-04 14:45:34.410399+05	DETOX BRUNCH ( LOW-FAT & LOW-CARB )	895.00	\N	1
3	2016-11-04 14:45:34.410399+05	2016-11-04 14:45:34.410399+05	PALEO BRUNCH ( GLUTEN FREE )	695.00	\N	1
4	2016-11-04 14:45:34.410399+05	2016-11-04 14:45:34.410399+05	WAFFLES, PANCAKES & CREPES PLATTER	595.00	\N	2
5	2016-11-04 14:45:34.410399+05	2016-11-04 14:45:34.410399+05	WAFFLE WITH THE WORKS	495.00	\N	2
6	2016-11-04 14:45:34.410399+05	2016-11-04 14:45:34.410399+05	WAFFLE WITH THE WORKS With Vanilla ice cream	595.00	\N	2
7	2016-11-04 14:45:34.410399+05	2016-11-04 14:45:34.410399+05	FRESH FRUIT WITH LOWFAT YOGURT & GRANOLA	395.00	\N	2
8	2016-11-04 14:45:34.410399+05	2016-11-04 14:45:34.410399+05	THE MOCCA OMELETTE	425.00	\N	3
9	2016-11-04 14:45:34.410399+05	2016-11-04 14:45:34.410399+05	SKINNY EGG WHITE OMELETTE	425.00	\N	3
10	2016-11-04 14:45:34.410399+05	2016-11-04 14:45:34.410399+05	CHICKEN & MUSHROOM OMELETTE	525.00	\N	3
11	2016-11-04 14:45:34.410399+05	2016-11-04 14:45:34.410399+05	SPICY HUEVOS RANCHEROS OMELETTE	550.00	\N	3
12	2016-11-04 14:45:34.410399+05	2016-11-04 14:45:34.410399+05	MEAT & TATERS OMELETTE	575.00	\N	3
13	2016-11-04 14:45:34.410399+05	2016-11-04 14:45:34.410399+05	CHICKEN-POTATO LEEK SOUP	395.00	\N	4
14	2016-11-04 14:45:34.410399+05	2016-11-04 14:45:34.410399+05	LOW-CAL CARROT & CORIANDER SOUP	350.00	\N	4
15	2016-11-04 14:45:34.410399+05	2016-11-04 14:45:34.410399+05	LOW-CAL ROASTED TOMATO & ORANGE SOUP	350.00	\N	4
16	2016-11-04 14:45:34.410399+05	2016-11-04 14:45:34.410399+05	PERSIAN ASH SOUP	395.00	\N	4
17	2016-11-04 14:45:34.410399+05	2016-11-04 14:45:34.410399+05	ROASTED RED PEPPER, TOMATO & BASIL SOUP	350.00	\N	4
18	2016-11-04 14:45:34.410399+05	2016-11-04 14:45:34.410399+05	TAPAS PLATTER	750.00	\N	4
19	2016-11-04 14:45:34.410399+05	2016-11-04 14:45:34.410399+05	LOADED NACHOS	650.00	\N	4
20	2016-11-04 14:45:34.410399+05	2016-11-04 14:45:34.410399+05	MINI BURGER PLATTER	425.00	\N	4
21	2016-11-04 14:45:34.410399+05	2016-11-04 14:45:34.410399+05	ROSEMARY POTATO WEDGES	295.00	\N	4
22	2016-11-04 14:45:34.410399+05	2016-11-04 14:45:34.410399+05	HUMMUS PLATTER	350.00	\N	4
23	2016-11-04 14:45:34.410399+05	2016-11-04 14:45:34.410399+05	ORGANIC URBAN GARDEN SIGNATURE SALAD	650.00	\N	5
24	2016-11-04 14:45:34.410399+05	2016-11-04 14:45:34.410399+05	GRILLED VEGETABLE SALAD	595.00	\N	5
25	2016-11-04 14:45:34.410399+05	2016-11-04 14:45:34.410399+05	GREEK SALAD ( RAW )	595.00	\N	5
26	2016-11-04 14:45:34.410399+05	2016-11-04 14:45:34.410399+05	TUNA SALAD	650.00	\N	5
27	2016-11-04 14:45:34.410399+05	2016-11-04 14:45:34.410399+05	GRILLED CHICKEN SALAD	650.00	\N	5
28	2016-11-04 14:45:34.410399+05	2016-11-04 14:45:34.410399+05	CURRY EGG SALAD	295.00	\N	6
29	2016-11-04 14:45:34.410399+05	2016-11-04 14:45:34.410399+05	BEEF PICKLES AND CHILI	375.00	\N	6
30	2016-11-04 14:45:34.410399+05	2016-11-04 14:45:34.410399+05	CREAM CHEESE AND VEGGIES	350.00	\N	6
31	2016-11-04 14:45:34.410399+05	2016-11-04 14:45:34.410399+05	CHICKEN MEXICANA	375.00	\N	6
32	2016-11-04 14:45:34.410399+05	2016-11-04 14:45:34.410399+05	PULLED CHICKEN N SLAW	375.00	\N	6
33	2016-11-04 14:45:34.410399+05	2016-11-04 14:45:34.410399+05	CLASSIC BEEF PATTY	650.00	\N	7
34	2016-11-04 14:45:34.410399+05	2016-11-04 14:45:34.410399+05	CHICKEN & HERB PATTY	625.00	\N	7
35	2016-11-04 14:45:34.410399+05	2016-11-04 14:45:34.410399+05	MARINATED GRILLED VEGETABLES	625.00	\N	8
36	2016-11-04 14:45:34.410399+05	2016-11-04 14:45:34.410399+05	CLASSIC CHEESE, PESTO & TOMATO	575.00	\N	8
37	2016-11-04 14:45:34.410399+05	2016-11-04 14:45:34.410399+05	GRILLED TARRAGON LIME CHICKEN	645.00	\N	8
38	2016-11-04 14:45:34.410399+05	2016-11-04 14:45:34.410399+05	GRILLED MEXICALI CHICKEN	675.00	\N	8
39	2016-11-04 14:45:34.410399+05	2016-11-04 14:45:34.410399+05	GRILLED PAPRIKA JALAPENO CHICKEN	645.00	\N	8
40	2016-11-04 14:45:34.410399+05	2016-11-04 14:45:34.410399+05	CHICKEN SPICY TANDOORI	645.00	\N	8
41	2016-11-04 14:45:34.410399+05	2016-11-04 14:45:34.410399+05	BEEF, ONION & GREEN CHILI	695.00	\N	8
42	2016-11-04 14:45:34.410399+05	2016-11-04 14:45:34.410399+05	PEPPERONI PARMESAN	675.00	\N	8
43	2016-11-04 14:45:34.410399+05	2016-11-04 14:45:34.410399+05	PULLED BARBECUED BEEF	650.00	\N	9
44	2016-11-04 14:45:34.410399+05	2016-11-04 14:45:34.410399+05	PULLED BARBECUED CHICKEN	650.00	\N	9
45	2016-11-04 14:45:34.410399+05	2016-11-04 14:45:34.410399+05	MEDITERRANEN MEZZA LUNA	675.00	\N	10
46	2016-11-04 14:45:34.410399+05	2016-11-04 14:45:34.410399+05	CHICKEN MEZZA LUNA	750.00	\N	10
47	2016-11-04 14:45:34.410399+05	2016-11-04 14:45:34.410399+05	BEEF MEZZA LUNA	750.00	\N	10
48	2016-11-04 14:45:34.410399+05	2016-11-04 14:45:34.410399+05	PARMESAN CHICKEN	750.00	\N	11
49	2016-11-04 14:45:34.410399+05	2016-11-04 14:45:34.410399+05	BEEF MUSHROOM	750.00	\N	11
50	2016-11-04 14:45:34.410399+05	2016-11-04 14:45:34.410399+05	SPINACH & FETA	695.00	\N	11
51	2016-11-04 14:45:34.410399+05	2016-11-04 14:45:34.410399+05	GRILLED CHICKEN	795.00	\N	12
52	2016-11-04 14:45:34.410399+05	2016-11-04 14:45:34.410399+05	PENNE BOLOGNESE	650.00	\N	12
53	2016-11-04 14:45:34.410399+05	2016-11-04 14:45:34.410399+05	PASTA PIQUANT	650.00	\N	12
54	2016-11-04 14:45:34.410399+05	2016-11-04 14:45:34.410399+05	PESTO PASTA	650.00	\N	12
55	2016-11-04 14:45:34.410399+05	2016-11-04 14:45:34.410399+05	FETTUCINE SPINACI SPICY OVENGRILLED PASTA	695.00	\N	13
56	2016-11-04 14:45:34.410399+05	2016-11-04 14:45:34.410399+05	PENNE ARRABIATA SPICY OVEN GRILLED PASTA	695.00	\N	13
57	2016-11-04 14:45:34.410399+05	2016-11-04 14:45:34.410399+05	ZUCCHINI FETTUCINE ALFREDO OVEN-GRILLED DISH	650.00	\N	13
58	2016-11-04 14:45:34.410399+05	2016-11-04 14:45:34.410399+05	SHEPHARDS PIE RE-INVENTED	650.00	\N	13
59	2016-11-04 14:45:34.410399+05	2016-11-04 14:45:34.410399+05	CHAR-GRILLED TAHINI CHICKEN PLATTER	795.00	\N	13
60	2016-11-04 14:45:34.410399+05	2016-11-04 14:45:34.410399+05	FRENCH MACARONS ( GLUTEN FREE ) pr. piece	170.00	\N	14
61	2016-11-04 14:45:34.410399+05	2016-11-04 14:45:34.410399+05	FRENCH MACARONS ( GLUTEN FREE ) 6 pieces box	990.00	\N	14
62	2016-11-04 14:45:34.410399+05	2016-11-04 14:45:34.410399+05	SCANDINAVIAN BUTTER PIES	495.00	\N	14
63	2016-11-04 14:45:34.410399+05	2016-11-04 14:45:34.410399+05	BIG OL DIPPED DOME MUFFINS	225.00	\N	14
64	2016-11-04 14:45:34.410399+05	2016-11-04 14:45:34.410399+05	PHILADELPHIA CREAM CHEESE CAKE	495.00	\N	14
65	2016-11-04 14:45:34.410399+05	2016-11-04 14:45:34.410399+05	LOW-FAT CARROT CAKE	325.00	\N	14
66	2016-11-04 14:45:34.410399+05	2016-11-04 14:45:34.410399+05	LOW-FAT BANANA CAKE	325.00	\N	14
67	2016-11-04 14:45:34.410399+05	2016-11-04 14:45:34.410399+05	PALEO NRG BAR ( LOW-FAT )	195.00	\N	14
68	2016-11-04 14:45:34.410399+05	2016-11-04 14:45:34.410399+05	CARAMINT SWISS CHOCOLATE BROWNIE	225.00	\N	14
69	2016-11-04 14:45:34.410399+05	2016-11-04 14:45:34.410399+05	SWISS CHOCOLATE BROWNIE WITH WALNUTS	225.00	\N	14
70	2016-11-04 14:45:34.410399+05	2016-11-04 14:45:34.410399+05	SAVOURY SCONES	195.00	\N	14
71	2016-11-04 14:45:34.410399+05	2016-11-04 14:45:34.410399+05	SWEET SCONES	195.00	\N	14
72	2016-11-04 14:45:34.410399+05	2016-11-04 14:45:34.410399+05	CROISSANT	110.00	\N	14
73	2016-11-04 14:45:34.410399+05	2016-11-04 14:45:34.410399+05	CHEWY COOKIES	250.00	\N	14
74	2016-11-04 14:45:34.410399+05	2016-11-04 14:45:34.410399+05	YUMMY MINI MUFFIN SAVOURY	110.00	\N	14
75	2016-11-04 14:45:34.410399+05	2016-11-04 14:45:34.410399+05	COOKIE CUPS	395.00	\N	14
76	2016-11-04 14:45:34.410399+05	2016-11-04 14:45:34.410399+05	TIRAMISU	550.00	\N	14
77	2016-11-04 14:45:34.410399+05	2016-11-04 14:45:34.410399+05	NOUGATELLA	550.00	\N	14
78	2016-11-04 14:45:34.410399+05	2016-11-04 14:45:34.410399+05	TRIPLE SWISS CHOCOLATE MOUSSE	595.00	\N	14
79	2016-11-04 14:45:34.410399+05	2016-11-04 14:45:34.410399+05	THE FORGET-ABOUT MOLTEN-LAVA-CAKES BROWNIE MELT	650.00	\N	14
80	2016-11-04 14:45:34.410399+05	2016-11-04 14:45:34.410399+05	ESPRESSO COFFEE FRAPPE Regular	350.00	\N	15
81	2016-11-04 14:45:34.410399+05	2016-11-04 14:45:34.410399+05	ESPRESSO COFFEE FRAPPE Large	395.00	\N	15
82	2016-11-04 14:45:34.410399+05	2016-11-04 14:45:34.410399+05	CARAMEL COFFEE FRAPPE Regular	350.00	\N	15
83	2016-11-04 14:45:34.410399+05	2016-11-04 14:45:34.410399+05	CARAMEL COFFEE FRAPPE Large	395.00	\N	15
84	2016-11-04 14:45:34.410399+05	2016-11-04 14:45:34.410399+05	CARAMINT FRAPPE ( WITHOUT COFFEE ) Regular	340.00	\N	15
85	2016-11-04 14:45:34.410399+05	2016-11-04 14:45:34.410399+05	CARAMINT FRAPPE ( WITHOUT COFFEE ) Large	385.00	\N	15
86	2016-11-04 14:45:34.410399+05	2016-11-04 14:45:34.410399+05	MOCCA COFFEE FRAPPE Regular	350.00	\N	15
87	2016-11-04 14:45:34.410399+05	2016-11-04 14:45:34.410399+05	MOCCA COFFEE FRAPPE Large	395.00	\N	15
88	2016-11-04 14:45:34.410399+05	2016-11-04 14:45:34.410399+05	FERRERO COFFEE FRAPPE Regular	375.00	\N	15
89	2016-11-04 14:45:34.410399+05	2016-11-04 14:45:34.410399+05	FERRERO COFFEE FRAPPE Large	425.00	\N	15
90	2016-11-04 14:45:34.410399+05	2016-11-04 14:45:34.410399+05	BERRY WHITE CHOC FRAPPE ( WITHOUT COFFEE ) Regular	340.00	\N	15
91	2016-11-04 14:45:34.410399+05	2016-11-04 14:45:34.410399+05	BERRY WHITE CHOC FRAPPE ( WITHOUT COFFEE ) Large	385.00	\N	15
92	2016-11-04 14:45:34.410399+05	2016-11-04 14:45:34.410399+05	TROPICAL ICE SMOOTHIE Regular	355.00	\N	16
93	2016-11-04 14:45:34.410399+05	2016-11-04 14:45:34.410399+05	TROPICAL ICE SMOOTHIE Large	395.00	\N	16
94	2016-11-04 14:45:34.410399+05	2016-11-04 14:45:34.410399+05	CITRUS ICE SMOOTHIE Regular	355.00	\N	16
95	2016-11-04 14:45:34.410399+05	2016-11-04 14:45:34.410399+05	CITRUS ICE SMOOTHIE Large	395.00	\N	16
96	2016-11-04 14:45:34.410399+05	2016-11-04 14:45:34.410399+05	FOREST BERRY ICE SMOOTHIE Regular	355.00	\N	16
97	2016-11-04 14:45:34.410399+05	2016-11-04 14:45:34.410399+05	FOREST BERRY ICE SMOOTHIE Large	395.00	\N	16
98	2016-11-04 14:45:34.410399+05	2016-11-04 14:45:34.410399+05	GINGER LIME MINTY GRANITA Regular	315.00	\N	16
99	2016-11-04 14:45:34.410399+05	2016-11-04 14:45:34.410399+05	GINGER LIME MINTY GRANITA Large	365.00	\N	16
100	2016-11-04 14:45:34.410399+05	2016-11-04 14:45:34.410399+05	KIWI GREEN MEADOW COOLER Regular	315.00	\N	16
101	2016-11-04 14:45:34.410399+05	2016-11-04 14:45:34.410399+05	KIWI GREEN MEADOW COOLER Large	365.00	\N	16
102	2016-11-04 14:45:34.410399+05	2016-11-04 14:45:34.410399+05	FLAVOURED ICED LATTE MACCHIATO Single	315.00	\N	17
103	2016-11-04 14:45:34.410399+05	2016-11-04 14:45:34.410399+05	FLAVOURED ICED LATTE MACCHIATO Double	365.00	\N	17
104	2016-11-04 14:45:34.410399+05	2016-11-04 14:45:34.410399+05	ICED MOCCACCINO HAZELCINO Single	315.00	\N	17
105	2016-11-04 14:45:34.410399+05	2016-11-04 14:45:34.410399+05	ICED MOCCACCINO HAZELCINO Double	365.00	\N	17
106	2016-11-04 14:45:34.410399+05	2016-11-04 14:45:34.410399+05	SKINNY ICED AMERICANO Regular	250.00	\N	17
107	2016-11-04 14:45:34.410399+05	2016-11-04 14:45:34.410399+05	SKINNY ICED AMERICANO Large	300.00	\N	17
108	2016-11-04 14:45:34.410399+05	2016-11-04 14:45:34.410399+05	SKINNY ICED LATTE Regular	315.00	\N	17
109	2016-11-04 14:45:34.410399+05	2016-11-04 14:45:34.410399+05	SKINNY ICED LATTE Large	365.00	\N	17
110	2016-11-04 14:45:34.410399+05	2016-11-04 14:45:34.410399+05	SKINNY GREEK STYLE FRAPPE Regular	315.00	\N	17
111	2016-11-04 14:45:34.410399+05	2016-11-04 14:45:34.410399+05	SKINNY GREEK STYLE FRAPPE Large	365.00	\N	17
112	2016-11-04 14:45:34.410399+05	2016-11-04 14:45:34.410399+05	VANILLA CHAI & COOKIES CAKESHAKE Regular	385.00	\N	18
113	2016-11-04 14:45:34.410399+05	2016-11-04 14:45:34.410399+05	VANILLA CHAI & COOKIES CAKESHAKE Large	430.00	\N	18
114	2016-11-04 14:45:34.410399+05	2016-11-04 14:45:34.410399+05	CINNAMON CARROTCAKE CAKESHAKE Regular	385.00	\N	18
115	2016-11-04 14:45:34.410399+05	2016-11-04 14:45:34.410399+05	CINNAMON CARROTCAKE CAKESHAKE Large	430.00	\N	18
116	2016-11-04 14:45:34.410399+05	2016-11-04 14:45:34.410399+05	PEANUTBUTTER & BROWNIE CAKESHAKE Regular	385.00	\N	18
117	2016-11-04 14:45:34.410399+05	2016-11-04 14:45:34.410399+05	PEANUTBUTTER & BROWNIE CAKESHAKE Large	430.00	\N	18
118	2016-11-04 14:45:34.410399+05	2016-11-04 14:45:34.410399+05	LEMON MERINGUE PIE CAKESHAKE Regular	385.00	\N	18
119	2016-11-04 14:45:34.410399+05	2016-11-04 14:45:34.410399+05	LEMON MERINGUE PIE CAKESHAKE Large	430.00	\N	18
120	2016-11-04 14:45:34.410399+05	2016-11-04 14:45:34.410399+05	GRASSHOPPER CAKESHAKE Regular	385.00	\N	18
121	2016-11-04 14:45:34.410399+05	2016-11-04 14:45:34.410399+05	GRASSHOPPER CAKESHAKE Large	430.00	\N	18
122	2016-11-04 14:45:34.410399+05	2016-11-04 14:45:34.410399+05	ORANGUTANG CAKESHAKE Regular	385.00	\N	18
123	2016-11-04 14:45:34.410399+05	2016-11-04 14:45:34.410399+05	ORANGUTANG CAKESHAKE Large	430.00	\N	18
124	2016-11-04 14:45:34.410399+05	2016-11-04 14:45:34.410399+05	NUTELLAAAH CAKESHAKE Regular	385.00	\N	18
125	2016-11-04 14:45:34.410399+05	2016-11-04 14:45:34.410399+05	NUTELLAAAH CAKESHAKE Large	430.00	\N	18
126	2016-11-04 14:45:34.410399+05	2016-11-04 14:45:34.410399+05	STRAWBERRY & ROSEWATER SEMI-FREDDO	650.00	\N	19
127	2016-11-04 14:45:34.410399+05	2016-11-04 14:45:34.410399+05	RASPBERRY & LEMON SEMI-FREDDO	650.00	\N	19
128	2016-11-04 14:45:34.410399+05	2016-11-04 14:45:34.410399+05	SOUR GREEN APPLE & MINT SEMI-FREDDO	650.00	\N	19
129	2016-11-04 14:45:34.410399+05	2016-11-04 14:45:34.410399+05	NOUGATELLA & HAZELNUT SEMI-FREDDO	650.00	\N	19
130	2016-11-04 14:45:34.410399+05	2016-11-04 14:45:34.410399+05	FRESH FRUIT SLOW JUICES Regular	250.00	\N	20
131	2016-11-04 14:45:34.410399+05	2016-11-04 14:45:34.410399+05	FRESH FRUIT SLOW JUICES Large	300.00	\N	20
132	2016-11-04 14:45:34.410399+05	2016-11-04 14:45:34.410399+05	FRESH FRUIT SMOOTHIES	355.00	\N	20
133	2016-11-04 14:45:34.410399+05	2016-11-04 14:45:34.410399+05	FRESH FRUIT SMOOTHIES Large	395.00	\N	20
134	2016-11-04 14:45:34.410399+05	2016-11-04 14:45:34.410399+05	ADD ORGANIC ACAI, SPIRULINA OR WHEATGRASS EXTRACT	100.00	\N	20
135	2016-11-04 14:45:34.410399+05	2016-11-04 14:45:34.410399+05	BREAKFAST DETOX DAIRY SMOOTHIE Regular	355.00	\N	20
136	2016-11-04 14:45:34.410399+05	2016-11-04 14:45:34.410399+05	BREAKFAST DETOX DAIRY SMOOTHIE Large	395.00	\N	20
137	2016-11-04 14:45:34.410399+05	2016-11-04 14:45:34.410399+05	BERRYBLAST DAIRY SMOOTHIE Regular	385.00	\N	20
138	2016-11-04 14:45:34.410399+05	2016-11-04 14:45:34.410399+05	BERRYBLAST DAIRY SMOOTHIE Large	415.00	\N	20
139	2016-11-04 14:45:34.410399+05	2016-11-04 14:45:34.410399+05	GINGER LIME LEMONADE Regular	255.00	\N	21
140	2016-11-04 14:45:34.410399+05	2016-11-04 14:45:34.410399+05	GINGER LIME LEMONADE Large	275.00	\N	21
141	2016-11-04 14:45:34.410399+05	2016-11-04 14:45:34.410399+05	ICED TEA Regular	250.00	\N	21
142	2016-11-04 14:45:34.410399+05	2016-11-04 14:45:34.410399+05	ICED TEA Large	300.00	\N	21
143	2016-11-04 14:45:34.410399+05	2016-11-04 14:45:34.410399+05	PERRIER SPARKLING WATER	130.00	\N	21
144	2016-11-04 14:45:34.410399+05	2016-11-04 14:45:34.410399+05	NESTLE STILL WATER	40.00	\N	21
145	2016-11-04 14:45:34.410399+05	2016-11-04 14:45:34.410399+05	MISC. SOFT DRINKS	95.00	\N	21
146	2016-11-04 14:45:34.410399+05	2016-11-04 14:45:34.410399+05	KUSMI TEA	395.00	\N	22
147	2016-11-04 14:45:34.410399+05	2016-11-04 14:45:34.410399+05	MIGHTY LEAF TEA ( WITH DRY FRUIT SAMPLER )	495.00	\N	22
148	2016-11-04 14:45:34.410399+05	2016-11-04 14:45:34.410399+05	TWINNINGS TEA	175.00	\N	22
149	2016-11-04 14:45:34.410399+05	2016-11-04 14:45:34.410399+05	MIGHTY LEAF EBONY FLOWERING TEA	695.00	\N	22
150	2016-11-04 14:45:34.410399+05	2016-11-04 14:45:34.410399+05	SWISS HOT CHOCOLATE Regular	340.00	\N	22
151	2016-11-04 14:45:34.410399+05	2016-11-04 14:45:34.410399+05	SWISS HOT CHOCOLATE Large	385.00	\N	22
152	2016-11-04 14:45:34.410399+05	2016-11-04 14:45:34.410399+05	MOCCA DARK ROAST French Press	385.00	\N	23
153	2016-11-04 14:45:34.410399+05	2016-11-04 14:45:34.410399+05	MOCCA DARK ROAST Hario Drip	395.00	\N	23
154	2016-11-04 14:45:34.410399+05	2016-11-04 14:45:34.410399+05	MOCCA DARK ROAST Aeropress	395.00	\N	23
155	2016-11-04 14:45:34.410399+05	2016-11-04 14:45:34.410399+05	LA MINITA ESTATE COSTA RICA French Press	450.00	\N	23
156	2016-11-04 14:45:34.410399+05	2016-11-04 14:45:34.410399+05	LA MINITA ESTATE COSTA RICA Hario Drip	485.00	\N	23
157	2016-11-04 14:45:34.410399+05	2016-11-04 14:45:34.410399+05	LA MINITA ESTATE COSTA RICA Aeropress	450.00	\N	23
158	2016-11-04 14:45:34.410399+05	2016-11-04 14:45:34.410399+05	GICHERORI ESTATE KENYA AA French Press	450.00	\N	23
159	2016-11-04 14:45:34.410399+05	2016-11-04 14:45:34.410399+05	GICHERORI ESTATE KENYA AA Hario Drip	485.00	\N	23
160	2016-11-04 14:45:34.410399+05	2016-11-04 14:45:34.410399+05	GICHERORI ESTATE KENYA AA Aeropress	450.00	\N	23
161	2016-11-04 14:45:34.410399+05	2016-11-04 14:45:34.410399+05	SERTAO ESTATE BRAZIL  French Press	450.00	\N	23
162	2016-11-04 14:45:34.410399+05	2016-11-04 14:45:34.410399+05	SERTAO ESTATE BRAZIL Hario Drip	485.00	\N	23
163	2016-11-04 14:45:34.410399+05	2016-11-04 14:45:34.410399+05	SERTAO ESTATE BRAZIL  Aeropress	450.00	\N	23
164	2016-11-04 14:45:34.410399+05	2016-11-04 14:45:34.410399+05	VALPARAISO ESTATE GUATEMALA French Press	450.00	\N	23
165	2016-11-04 14:45:34.410399+05	2016-11-04 14:45:34.410399+05	VALPARAISO ESTATE GUATEMALA Hario Drip	485.00	\N	23
166	2016-11-04 14:45:34.410399+05	2016-11-04 14:45:34.410399+05	VALPARAISO ESTATE GUATEMALA Aeropress	450.00	\N	23
167	2016-11-04 14:45:34.410399+05	2016-11-04 14:45:34.410399+05	JAZ DE RIO COCO ESTATE NICARAGUA French Press	450.00	\N	23
168	2016-11-04 14:45:34.410399+05	2016-11-04 14:45:34.410399+05	JAZ DE RIO COCO ESTATE NICARAGUA Hario Drip	485.00	\N	23
169	2016-11-04 14:45:34.410399+05	2016-11-04 14:45:34.410399+05	JAZ DE RIO COCO ESTATE NICARAGUA Aeropress	450.00	\N	23
170	2016-11-04 14:45:34.410399+05	2016-11-04 14:45:34.410399+05	LATTE Regular	310.00	\N	24
171	2016-11-04 14:45:34.410399+05	2016-11-04 14:45:34.410399+05	LATTE Large	360.00	\N	24
172	2016-11-04 14:45:34.410399+05	2016-11-04 14:45:34.410399+05	ESPRESSO Regular	225.00	\N	24
173	2016-11-04 14:45:34.410399+05	2016-11-04 14:45:34.410399+05	ESPRESSO Large	275.00	\N	24
174	2016-11-04 14:45:34.410399+05	2016-11-04 14:45:34.410399+05	AMERICANO Regular	240.00	\N	24
175	2016-11-04 14:45:34.410399+05	2016-11-04 14:45:34.410399+05	AMERICANO Large	285.00	\N	24
176	2016-11-04 14:45:34.410399+05	2016-11-04 14:45:34.410399+05	FLAVOURED LATTE MACCHIATO Regular	340.00	\N	24
177	2016-11-04 14:45:34.410399+05	2016-11-04 14:45:34.410399+05	FLAVOURED LATTE MACCHIATO Large	385.00	\N	24
178	2016-11-04 14:45:34.410399+05	2016-11-04 14:45:34.410399+05	ESPRESSO MACCHIATO Regular	240.00	\N	24
179	2016-11-04 14:45:34.410399+05	2016-11-04 14:45:34.410399+05	ESPRESSO MACCHIATO Large	285.00	\N	24
180	2016-11-04 14:45:34.410399+05	2016-11-04 14:45:34.410399+05	AFFOGATO Regular	295.00	\N	24
181	2016-11-04 14:45:34.410399+05	2016-11-04 14:45:34.410399+05	AFFOGATO Large	340.00	\N	24
182	2016-11-04 14:45:34.410399+05	2016-11-04 14:45:34.410399+05	CAPPUCCINO Regular	310.00	\N	24
183	2016-11-04 14:45:34.410399+05	2016-11-04 14:45:34.410399+05	CAPPUCCINO Large	360.00	\N	24
184	2016-11-04 14:45:34.410399+05	2016-11-04 14:45:34.410399+05	CORTADO Regular	240.00	\N	24
185	2016-11-04 14:45:34.410399+05	2016-11-04 14:45:34.410399+05	CORTADO Large	285.00	\N	24
186	2016-11-04 14:45:34.410399+05	2016-11-04 14:45:34.410399+05	MOCCACCINO Regular	340.00	\N	25
187	2016-11-04 14:45:34.410399+05	2016-11-04 14:45:34.410399+05	MOCCACCINO Large	385.00	\N	25
188	2016-11-04 14:45:34.410399+05	2016-11-04 14:45:34.410399+05	CARAMELITO Regular	340.00	\N	25
189	2016-11-04 14:45:34.410399+05	2016-11-04 14:45:34.410399+05	CARAMELITO Large	385.00	\N	25
190	2016-11-04 14:45:34.410399+05	2016-11-04 14:45:34.410399+05	BUTTERSCOTCH CAP Regular	340.00	\N	25
191	2016-11-04 14:45:34.410399+05	2016-11-04 14:45:34.410399+05	BUTTERSCOTCH CAP Large	385.00	\N	25
192	2016-11-04 14:45:34.410399+05	2016-11-04 14:45:34.410399+05	SWISS CHOCOLATE LATTE Regular	395.00	\N	25
193	2016-11-04 14:45:34.410399+05	2016-11-04 14:45:34.410399+05	SWISS CHOCOLATE LATTE Large	450.00	\N	25
194	2016-11-04 14:45:34.410399+05	2016-11-04 14:45:34.410399+05	SKINNY & SUGAR-FREE VANILLA / HAZELNUT CAP Regular	340.00	\N	25
195	2016-11-04 14:45:34.410399+05	2016-11-04 14:45:34.410399+05	SKINNY & SUGAR-FREE VANILLA / HAZELNUT CAP Large	385.00	\N	25
196	2016-11-04 14:45:34.410399+05	2016-11-04 14:45:34.410399+05	WHITE / DARK CHOCOLATE MOCCA Regular	340.00	\N	25
197	2016-11-04 14:45:34.410399+05	2016-11-04 14:45:34.410399+05	WHITE / DARK CHOCOLATE MOCCA Large	385.00	\N	25
198	2016-11-04 14:45:34.410399+05	2016-11-04 14:45:34.410399+05	HAZEL NOCCIOLA Regular	340.00	\N	25
199	2016-11-04 14:45:34.410399+05	2016-11-04 14:45:34.410399+05	HAZEL NOCCIOLA Large	385.00	\N	25
200	2016-11-04 14:45:34.410399+05	2016-11-04 14:45:34.410399+05	GINGERBREAD CAP Regular	340.00	\N	25
201	2016-11-04 14:45:34.410399+05	2016-11-04 14:45:34.410399+05	GINGERBREAD CAP Large	385.00	\N	25
\.


--
-- Name: items_id_seq; Type: SEQUENCE SET; Schema: public; Owner: rehman
--

SELECT pg_catalog.setval('items_id_seq', 1, false);


--
-- Data for Name: knex_migrations; Type: TABLE DATA; Schema: public; Owner: rehman
--

COPY knex_migrations (id, name, batch, migration_time) FROM stdin;
\.


--
-- Name: knex_migrations_id_seq; Type: SEQUENCE SET; Schema: public; Owner: rehman
--

SELECT pg_catalog.setval('knex_migrations_id_seq', 1, false);


--
-- Data for Name: knex_migrations_lock; Type: TABLE DATA; Schema: public; Owner: rehman
--

COPY knex_migrations_lock (is_locked) FROM stdin;
\.


--
-- Data for Name: shifts; Type: TABLE DATA; Schema: public; Owner: rehman
--

COPY shifts (id, created_at, updated_at, started_at, ended_at) FROM stdin;
1	2016-11-07 08:42:10.4165+05	2016-11-07 08:42:10.4165+05	2016-11-07 08:42:10.411+05	\N
\.


--
-- Data for Name: transactions; Type: TABLE DATA; Schema: public; Owner: rehman
--

COPY transactions (id, created_at, updated_at, shift_id, properties, discount) FROM stdin;
7	2016-11-09 15:08:49.78748+05	2016-11-09 15:08:49.78748+05	1	{"transaction_type": "card"}	\N
8	2016-11-10 14:59:06.127356+05	2016-11-10 14:59:06.127356+05	1	{"transaction_type": "cash"}	\N
9	2016-11-10 18:37:19.647855+05	2016-11-10 18:37:19.647855+05	1	{"total": 425, "transaction_type": "cash"}	\N
\.


--
-- Data for Name: line_items; Type: TABLE DATA; Schema: public; Owner: rehman
--

COPY line_items (id, quantity, discount, item_id, transaction_id) FROM stdin;
1	1	\N	42	7
2	1	\N	2	8
3	1	\N	34	8
4	1	\N	53	8
5	1	\N	20	9
\.


--
-- Name: line_items_id_seq; Type: SEQUENCE SET; Schema: public; Owner: rehman
--

SELECT pg_catalog.setval('line_items_id_seq', 5, true);


--
-- Name: shifts_id_seq; Type: SEQUENCE SET; Schema: public; Owner: rehman
--

SELECT pg_catalog.setval('shifts_id_seq', 1, true);


--
-- Data for Name: suppliers; Type: TABLE DATA; Schema: public; Owner: rehman
--

COPY suppliers (id, created_at, updated_at, name, properties) FROM stdin;
\.


--
-- Name: suppliers_id_seq; Type: SEQUENCE SET; Schema: public; Owner: rehman
--

SELECT pg_catalog.setval('suppliers_id_seq', 1, false);


--
-- Data for Name: supplies; Type: TABLE DATA; Schema: public; Owner: rehman
--

COPY supplies (id, created_at, updated_at, item_id, supplier_id, quantity) FROM stdin;
\.


--
-- Name: supplies_id_seq; Type: SEQUENCE SET; Schema: public; Owner: rehman
--

SELECT pg_catalog.setval('supplies_id_seq', 1, false);


--
-- Name: transactions_id_seq; Type: SEQUENCE SET; Schema: public; Owner: rehman
--

SELECT pg_catalog.setval('transactions_id_seq', 9, true);


--
-- PostgreSQL database dump complete
--

